{
  "occurrence": {
    "train": {
      "rows": 37984,
      "positive_rate": 0.02243049705139006,
      "roc_auc": 0.8489766112925895,
      "average_precision": 0.13577483968448165,
      "brier": 0.020570634976908742,
      "threshold": 0.08584821381785918,
      "precision": 0.1563157894736842,
      "recall": 0.3485915492957746,
      "f1": 0.21584302325581398,
      "tp": 297,
      "tn": 35529,
      "fp": 1603,
      "fn": 555,
      "top_10pct_positive_rate": 0.11608317978415372,
      "top_10pct_lift": 5.17523885084659
    },
    "test": {
      "rows": 6977,
      "positive_rate": 0.017342697434427404,
      "roc_auc": 0.8503705507391728,
      "average_precision": 0.08788505467574763,
      "brier": 0.016375669833752843,
      "threshold": 0.08584821381785918,
      "precision": 0.10158730158730159,
      "recall": 0.2644628099173554,
      "f1": 0.14678899082568808,
      "tp": 32,
      "tn": 6573,
      "fp": 283,
      "fn": 89,
      "top_10pct_positive_rate": 0.09025787965616046,
      "top_10pct_lift": 5.204373771578773
    },
    "train_best_f1": 0.21584302325581398,
    "train_rows": 37984,
    "test_rows": 6977,
    "train_positives": 852,
    "test_positives": 121
  },
  "spread": {
    "train": {
      "rows": 903,
      "positive_rate": 0.15171650055370986,
      "roc_auc": 0.7675382592289074,
      "average_precision": 0.36789501425742743,
      "brier": 0.11322571333340352,
      "threshold": 0.17256624885633304,
      "precision": 0.3357142857142857,
      "recall": 0.6861313868613139,
      "f1": 0.45083932853717024,
      "tp": 94,
      "tn": 580,
      "fp": 186,
      "fn": 43,
      "top_10pct_positive_rate": 0.4175824175824176,
      "top_10pct_lift": 2.752386299831555
    },
    "test": {
      "rows": 124,
      "positive_rate": 0.1532258064516129,
      "roc_auc": 0.5882205513784461,
      "average_precision": 0.18000548812003794,
      "brier": 0.14754503692191606,
      "threshold": 0.17256624885633304,
      "precision": 0.2,
      "recall": 0.47368421052631576,
      "f1": 0.28125,
      "tp": 9,
      "tn": 69,
      "fp": 36,
      "fn": 10,
      "top_10pct_positive_rate": 0.07692307692307693,
      "top_10pct_lift": 0.5020242914979757
    },
    "train_best_f1": 0.45083932853717024,
    "train_rows": 903,
    "test_rows": 124,
    "train_positives": 137,
    "test_positives": 19
  },
  "risk_band_thresholds": {
    "medium_min": 0.0032488902713279943,
    "high_min": 0.015342370845249125
  }
}