{
  "feature_names": [
    "temperature",
    "max_temperature",
    "humidity",
    "min_humidity",
    "wind_speed",
    "max_wind_speed",
    "instant_wind_speed",
    "rainfall",
    "sunshine_duration",
    "solar_radiation",
    "ground_temperature",
    "rainfall_3d_sum",
    "rainfall_7d_sum",
    "dry_days",
    "min_humidity_3d_avg",
    "max_wind_3d_max",
    "month_sin",
    "month_cos",
    "doy_sin",
    "doy_cos",
    "weekday_sin",
    "weekday_cos",
    "station=강릉",
    "station=속초",
    "station=원주",
    "station=인제",
    "station=정선군",
    "station=춘천",
    "station=태백",
    "station=홍천"
  ],
  "fill_values": {
    "temperature": 12.8,
    "max_temperature": 18.9,
    "humidity": 67.3,
    "min_humidity": 38.0,
    "wind_speed": 1.4,
    "max_wind_speed": 4.0,
    "instant_wind_speed": 7.0,
    "rainfall": 0.0,
    "sunshine_duration": 6.7,
    "solar_radiation": -9.0,
    "ground_temperature": 14.2,
    "rainfall_3d_sum": 0.4,
    "rainfall_7d_sum": 6.5,
    "dry_days": 3.0,
    "min_humidity_3d_avg": 38.666666666666664,
    "max_wind_3d_max": 4.9,
    "month_sin": -2.4492935982947064e-16,
    "month_cos": -1.8369701987210297e-16,
    "doy_sin": 1.2246467991473532e-16,
    "doy_cos": -0.008583481082086734,
    "weekday_sin": 0.0,
    "weekday_cos": -0.22252093395631434,
    "station=강릉": 0.0,
    "station=속초": 0.0,
    "station=원주": 0.0,
    "station=인제": 0.0,
    "station=정선군": 0.0,
    "station=춘천": 0.0,
    "station=태백": 0.0,
    "station=홍천": 0.0
  },
  "means": {
    "temperature": 11.717175652906487,
    "max_temperature": 17.35563921651222,
    "humidity": 65.25655275905645,
    "min_humidity": 40.45221935551812,
    "wind_speed": 1.6181918702611626,
    "max_wind_speed": 4.23180549705139,
    "instant_wind_speed": 7.5993049705139,
    "rainfall": 3.4813947978096045,
    "sunshine_duration": 5.937976516427969,
    "solar_radiation": -0.4446090459140691,
    "ground_temperature": 13.544542438921653,
    "rainfall_3d_sum": 10.439177021903962,
    "rainfall_7d_sum": 24.352150905644482,
    "dry_days": 6.085799283909014,
    "min_humidity_3d_avg": 40.445571819713564,
    "max_wind_3d_max": 5.242557392586352,
    "month_sin": -0.004830506483874798,
    "month_cos": -0.002055250684329817,
    "doy_sin": -5.9860382119637755e-18,
    "doy_cos": -0.0021061499578770397,
    "weekday_sin": -0.00036999987250416856,
    "weekday_cos": 8.44500564242329e-05,
    "station=강릉": 0.125,
    "station=속초": 0.125,
    "station=원주": 0.125,
    "station=인제": 0.125,
    "station=정선군": 0.125,
    "station=춘천": 0.125,
    "station=태백": 0.125,
    "station=홍천": 0.125
  },
  "scales": {
    "temperature": 10.699779460457268,
    "max_temperature": 10.538000263798155,
    "humidity": 17.376908528439298,
    "min_humidity": 19.459580644971975,
    "wind_speed": 0.9036442969544608,
    "max_wind_speed": 1.7528593635166552,
    "instant_wind_speed": 3.2359742131761373,
    "rainfall": 12.993593925097999,
    "sunshine_duration": 3.8696481402084695,
    "solar_radiation": 11.89647836851364,
    "ground_temperature": 11.854622240582895,
    "rainfall_3d_sum": 26.427583728480062,
    "rainfall_7d_sum": 45.72543180023566,
    "dry_days": 8.3960787939803,
    "min_humidity_3d_avg": 16.422987833601034,
    "max_wind_3d_max": 1.8896559751652637,
    "month_sin": 0.7057486317698533,
    "month_cos": 0.7084428776596697,
    "doy_sin": 0.7078510259785872,
    "doy_cos": 0.706358612287991,
    "weekday_sin": 0.707190338593534,
    "weekday_cos": 0.7070231120467314,
    "station=강릉": 0.33071891388307384,
    "station=속초": 0.33071891388307384,
    "station=원주": 0.33071891388307384,
    "station=인제": 0.33071891388307384,
    "station=정선군": 0.33071891388307384,
    "station=춘천": 0.33071891388307384,
    "station=태백": 0.33071891388307384,
    "station=홍천": 0.33071891388307384
  },
  "coef": [
    0.12136827849742002,
    0.3364195349168942,
    -0.29045621037822295,
    -0.27699390281496916,
    -0.0879489127105423,
    -0.011788240620327515,
    0.1385352255598288,
    -0.066524251799624,
    0.14204928292509916,
    0.03615609145980764,
    0.09944494425547036,
    -0.3166466744660547,
    -0.6059214947720122,
    0.18658371870151222,
    -0.4885043361508732,
    0.08890057843386343,
    0.2085455025186768,
    0.04209417739964976,
    0.2176072192846165,
    0.11083783814250406,
    -0.04261543584880454,
    0.01686409606665739,
    -0.14275173409206193,
    -0.10256123791497024,
    0.06017359000053184,
    0.0030958185649416375,
    0.004425510348382729,
    0.20309242084483933,
    -0.07319773740734432,
    0.04772336965568079
  ],
  "intercept": -4.959525044210838,
  "threshold": 0.08584821381785918,
  "metadata": {
    "model_name": "forest_fire_occurrence",
    "description": "Predicts whether at least one mapped forest fire occurs on a station-day.",
    "target": "fire_occurrence",
    "split_date": "2024-01-01",
    "station_levels": [
      "강릉",
      "속초",
      "원주",
      "인제",
      "정선군",
      "춘천",
      "태백",
      "홍천"
    ]
  }
}