{
  "feature_names": [
    "temperature",
    "max_temperature",
    "humidity",
    "min_humidity",
    "wind_speed",
    "max_wind_speed",
    "instant_wind_speed",
    "rainfall",
    "sunshine_duration",
    "solar_radiation",
    "ground_temperature",
    "rainfall_3d_sum",
    "rainfall_7d_sum",
    "dry_days",
    "min_humidity_3d_avg",
    "max_wind_3d_max",
    "month_sin",
    "month_cos",
    "doy_sin",
    "doy_cos",
    "weekday_sin",
    "weekday_cos",
    "station=강릉",
    "station=속초",
    "station=원주",
    "station=인제",
    "station=정선군",
    "station=춘천",
    "station=태백",
    "station=홍천"
  ],
  "fill_values": {
    "temperature": 12.0,
    "max_temperature": 19.6,
    "humidity": 48.1,
    "min_humidity": 21.0,
    "wind_speed": 1.5,
    "max_wind_speed": 4.4,
    "instant_wind_speed": 8.0,
    "rainfall": 0.0,
    "sunshine_duration": 9.1,
    "solar_radiation": -9.0,
    "ground_temperature": 13.5,
    "rainfall_3d_sum": 0.0,
    "rainfall_7d_sum": 0.5,
    "dry_days": 8.0,
    "min_humidity_3d_avg": 23.333333333333332,
    "max_wind_3d_max": 5.4,
    "month_sin": 0.8660254037844386,
    "month_cos": -0.4999999999999998,
    "doy_sin": 0.8100248628547753,
    "doy_cos": -0.008583481082086933,
    "weekday_sin": 0.0,
    "weekday_cos": -0.22252093395631434,
    "station=강릉": 0.0,
    "station=속초": 0.0,
    "station=원주": 0.0,
    "station=인제": 0.0,
    "station=정선군": 0.0,
    "station=춘천": 0.0,
    "station=태백": 0.0,
    "station=홍천": 0.0
  },
  "means": {
    "temperature": 11.021816168327797,
    "max_temperature": 18.309413067552605,
    "humidity": 48.97519379844961,
    "min_humidity": 22.890365448504983,
    "wind_speed": 1.7554817275747507,
    "max_wind_speed": 4.722148394241418,
    "instant_wind_speed": 8.635548172757476,
    "rainfall": 0.27718715393133997,
    "sunshine_duration": 8.59202657807309,
    "solar_radiation": 3.595614617940199,
    "ground_temperature": 13.144850498338869,
    "rainfall_3d_sum": 0.8825027685492807,
    "rainfall_7d_sum": 4.19390919158361,
    "dry_days": 10.344407530454042,
    "min_humidity_3d_avg": 24.822074566260614,
    "max_wind_3d_max": 5.771650055370984,
    "month_sin": 0.5134948426029023,
    "month_cos": -0.1539575880991776,
    "doy_sin": 0.5486008799210599,
    "doy_cos": -0.006644671487079441,
    "weekday_sin": -0.03423425568195343,
    "weekday_cos": -0.011050823607084278,
    "station=강릉": 0.09302325581395349,
    "station=속초": 0.08305647840531562,
    "station=원주": 0.15503875968992248,
    "station=인제": 0.09302325581395349,
    "station=정선군": 0.15503875968992248,
    "station=춘천": 0.21926910299003322,
    "station=태백": 0.06866002214839424,
    "station=홍천": 0.132890365448505
  },
  "scales": {
    "temperature": 8.787423071184557,
    "max_temperature": 9.326277786559722,
    "humidity": 13.823189959833933,
    "min_humidity": 11.271743902716146,
    "wind_speed": 0.9982988661662502,
    "max_wind_speed": 1.924936043900291,
    "instant_wind_speed": 3.5552916130269048,
    "rainfall": 1.4356904780645021,
    "sunshine_duration": 2.9982613255081336,
    "solar_radiation": 14.082218795160825,
    "ground_temperature": 10.376077433004257,
    "rainfall_3d_sum": 2.9881648319392298,
    "rainfall_7d_sum": 8.790240265253217,
    "dry_days": 9.719424287510657,
    "min_humidity_3d_avg": 9.577391756436535,
    "max_wind_3d_max": 2.0453534952980927,
    "month_sin": 0.5341594976028758,
    "month_cos": 0.6536770906246813,
    "doy_sin": 0.5656003139151605,
    "doy_cos": 0.6157022070690826,
    "weekday_sin": 0.7100413987755767,
    "weekday_cos": 0.7032404333230066,
    "station=강릉": 0.29046502318132084,
    "station=속초": 0.2759675701966138,
    "station=원주": 0.36194162883500003,
    "station=인제": 0.29046502318132084,
    "station=정선군": 0.36194162883500003,
    "station=춘천": 0.4137513304679266,
    "station=태백": 0.2528751144477769,
    "station=홍천": 0.33945620662976217
  },
  "coef": [
    0.08599084482574126,
    0.36925207918021413,
    -0.2933904037162401,
    0.09318211707086729,
    0.19320824319443927,
    -0.18069067619245197,
    0.48541369341920965,
    -0.04345642438192683,
    -0.01298990764212682,
    -0.014493432920406932,
    0.1943873466271259,
    0.0005863055918378792,
    -0.16231519954382692,
    0.19616704706598123,
    -0.19294478068488774,
    0.08756748915373747,
    0.22139633269912362,
    0.338934981717022,
    0.11764410661423506,
    0.34783405077383844,
    0.19379275279475938,
    -0.04258049481984759,
    -0.31860536317491844,
    -0.0442686558285167,
    -0.1361103195958658,
    0.11967908576662474,
    0.04545208850361633,
    0.08894900698743123,
    0.23264451080007936,
    0.021145731240759323
  ],
  "intercept": -2.0248274564846067,
  "threshold": 0.17256624885633304,
  "metadata": {
    "model_name": "forest_fire_spread",
    "description": "Predicts whether a fire event reaches at least 1 ha.",
    "large_fire_threshold_ha": 1.0,
    "target": "large_fire",
    "split_date": "2024-01-01",
    "station_levels": [
      "강릉",
      "속초",
      "원주",
      "인제",
      "정선군",
      "춘천",
      "태백",
      "홍천"
    ]
  }
}